var,hm_peak,hm_Vhalfact,hm_deltak,hm_tauact,hm_taudeact,ht_peak,ht_Vhalfact,ht_deltak,ht_tauact,ht_taudeact
Y11C,-0.02,,,,,,,,,
A31V,1.19,-0.77,,1.04,1.04,,,,,
A46T,1,0,,0.6,,,,,,
G57R,1.13,-0.54,,1.64,1.08,,,,,
G57S,0.95,1.41,,1.54,1.09,,,,,
G57V,1.37,0.99,,1.12,1.04,,,,,
S66F,0.71,1.74,,1.11,0.91,0.87,2.61,,1.04,1.01
P67R,0.97,-2.07,,0.91,1.01,1.5,0.59,,0.84,1.08
V100I,1.13,-2,0.6,,0.929903077,,,,,
A102S,2.82,-3.6,0.8,,1.034580413,,,,,
T104S,0.82,-2.9,0.9,,0.950570982,,,,,
T104I,0.22,6.4,-1.2,,1.032120838,0.38,6.5,-1.3,,1.002668796
H105N,0.72,1.5,0,,0.907645262,,,,,
H105Y,1.51,3.7,-1,,0.897800143,,,,,
H105L,1.31,-5.4,1.2,,1.144889971,,,,,
V106I,1.21,-1.4,-0.2,,1.046743599,,,,,
Q107H,0.36,0.4,0,,1.212109631,,,,,
R109L,2.23,-6.6,1,,0,,,,,
V110I,0.25,1.5,0.3,,1.013498898,,,,,
Y111C,0,,,,,0.1,,,,
L114P,0,,,,,0.25,,,,
E115G,-0.07,,,,0,0.51,7.1,-0.4,,1.152143913
P117L,0,,,,,0.5,,,,0.51
T118S,0.76,5.2,-1.6,,1.024448563,,,,,
G119R,0.09,,,,0,0.35,9.4,-1.4,,1.071415815
C122Y,-0.04,15.1,-4.4,,0.442837464,,,,,
V124I,0.92,-0.7,0.5,,0.992322971,,,,,
Y125D,0.01,,,,0,,,,,
H126L,0.04,,,,0.810294146,0.51,5.5,-1,,0.868791941
F127L,0.8,4.3,-1.5,,1.19822518,,,,,
A128T,0.74,-1.2,0.4,,0.941122916,,,,,
V129I,0.83,4.3,-1.1,,0,,,,,
L131P,0.05,,,,0.777778407,0.49,6.8,-0.9,,0.865610165
I132L,1.12,2.1,-0.1,,1.70306301,,,,,
V133I,0.67,0.3,-0.4,,0,,,,,
L134P,0.03,,,,0.207835973,,,,,
V135A,0.78,-2.4,0.2,,1.235359009,,,,,
V135I,1,-4.3,0.9,,0.954411079,,,,,
C136F,0.23,-6.3,2.7,,0,,,,,
S140G,1,-16,0,1.304347826,2.828467153,,,,,
S140R,0.1,,,,0.797571137,0.4,6,-0.6,,0.880526416
V141M,1,-15.1,0,1.3,27.95833333,,,,,
T144A,0.5,-8.6,2.6,,0.958145945,,,,,
E146K,0.65,6.3,-2.5,,0.948962192,,,,,
Q147R,0.6,0,,,,,,,,
A149V,1.07,0.9,-0.6,,0.935808586,,,,,
A150V,0.52,1.1,0.3,,0.726792502,,,,,
A150G,0.93,6.8,-0.7,,1.040390109,,,,,
A150T,0.58,-0.5,0.3,,0.986727266,,,,,
T153M,0.67,-0.6,-0.3,,0.820781,,,,,
E160K,-0.04,,,,,0.32,7.9,-0.8,,0.957500521
V162M,0.24,6.4,-1,,0,0.89,-1.6,0.7,,1.058430215
G168R,,,,,,0.2,,,,
T169M,0.65,-0.1,1.1,,0,,,,,
R174C,0,,,,,,,,,
R174H,-0.01,,,,0,,,,,
R174L,0.03,,,,0,,,,,
W176R,0.01,,,,0,0.5,2.4,-0.3,,0.93730762
A178P,,,,,,0.25,10,0.7,,
A178T,0.41,45,1.7,1.678062678,0.863481229,0.54,15,0,1.141025641,0.919226394
G179S,0.1,,,,0.901287393,,,,,
G179A,0.04,-2.9,1.7,,0,0.81,0.4,-0.2,,0.939668752
R181H,1.11,6.93,,1.21,0.87,1.04,7.39,,0.96,0.95
R181L,1,4.67,,1.29,0.9,0.99,6.64,,1.11,1.05
G186D,0.06,,,0.78,,0.32,0.71,,1.2,0.92
G186C,0.09,,,,1.009911467,0.49,4.3,-0.6,,0.958351429
L187P,0.68,3.7,-0.3,,0,,,,,
G189R,,,,,,0.75,,,,
G189A,-0.05,,,,0,0.59,3.4,-0.3,,1.047296197
G189E,0.05,,,,0,,,,,
R190Q,0,,,,,0.5,2.7,0.2,1,1.093846154
R190P,0.05,,,,0.954054681,0.58,4.3,-0.2,,1.031197193
L191P,0.22,0,3,,,,,,,
R192C,0.21,3.2,-0.4,,0,,,,,
F193L,0.8,0,,1.833,,,,,,
R195P,-0.01,,,,0.983837602,0.42,6,-0.8,,0.945752544
R195Q,0.49,-0.2,-0.6,,0.887373677,,,,,
K196T,0.2,15.6,-5.2,,0.409967393,,,,,
P197L,1.47,0.9,-0.1,,0.837047848,,,,,
P197S,0.17,14.3,-3,,0,0.67,5,-0.8,,0.998857871
D202A,0.43,12.1,2.8,0.88340192,0.349206349,,,,,
D202E,0.11,54.6,0,1,0.333333333,,,,,
D202H,0.41,16.6,-2.7,0.832647462,0.261904762,,,,,
D202K,0.19,21.8,-5.7,1.204389575,0.484126984,,,,,
D202M,0.1,23.5,-2.6,1.012345679,0.222222222,,,,,
D202N,0.2,23.8,-3.2,0.548696845,0.087301587,,,,,
D202G,0.09,,,,0.879909479,0.45,4.8,-0.6,,0.848296088
I204A,,18.7,-5.2,2.072702332,1.349206349,,,,,
I204F,0.23,53.3,1.3,7.252400549,0.428571429,,,,,
I204M,0.34,36.1,-1.1,1.159122085,0.650793651,,,,,
I204N,,32.9,-1.2,2.471879287,0.698412698,,,,,
I204F,0.19,14.8,-3.6,,1.60234575,,,,,
V205M,0.36,20,,1.482853224,0.420634921,,,,,
V207M,0.88,1.7,0.2,,0.792561724,,,,,
S209F,0.35,-48.7,,,,,,,,
S209P,0.86,-0.9,0.3,,,,,,,
M210I,0.63,-1.2,0.9,,0.53210011,,,,,
C214A,,,,,,1,-8.7,,,
V215M,0.41,20.2,,,,,,,,
V215G,0.33,8,-2.7,,1.063331589,0.71,3.3,-0.7,,0.877936445
K218E,0.46,-0.5,0.1,,,,,,,
S225L,,,,,,0.4,,,,
S225W,0.77,-13.5,8.7,,1.517419058,,,,,
I227L,0.22,9.4,-4.2,,0,1.07,1.2,0.5,,1.189876657
G229D,0.7,,,,20,0.8,-36,,0.01,6.355555556
R231H,0.15,40,,,,0.8,9.5,0.3,,0.545454545
R231C,0.52,,,,,,,,,
Q234P,0.03,,,,0,0.35,6.5,-0.5,,0.936811731
I235N,0.1,,,,,0.7,16,6.1,,
L236P,0.03,,,,0,0.56,9,-1.5,,0.962052999
L236R,0.01,,,,0.566198799,,,,,
L239P,,,,,,0.3,,,,
V241I,0.44,5.3,-2.4,,0,,,,,
R243C,0.12,67,,1,,,,,,
R243H,0.03,66.2,-6,1,0.10960961,0.5,22.5,1.1,1,0.463076923
G245R,0.02,,,,0,0.28,9,-1.3,,0.798745532
W248R,0,,,,,,,,,
L251P,0,,,,,0.09,0,,1,1
V254M,0.07,41.5,-0.4,,,0.25,39.8,3.3,,
H258R,0.05,-44,4,0.5,2.5,0.26,-30,4,0.333333333,2.5
R259C,0.3,10,0,,,0.6,10,0,,
R259H,2,1,-1,,1.7,,,,,
E261D,0.09,,,,,0.3,,,,
E261K,0.05,,,,,,,,,
T265I,1,8,,2,,,,,,
G269D,0,,,,,0.6,1.7,-0.7,,0.887120116
G269S,0.15,70.7,10.2,1,0.4,0.3,27.8,4.6,1,0.5
G272V,0.34,10,3,,,0.35,4,0.6,,
L273F,,,,,,0.69,4,0.2,1,
F275S,0.34,27,-1.8,1.5,2,0.67,26,1.8,2.5,2
S277L,0,-8.7,,,,0.18,-8.7,,,
F279I,0.68,3.5,-0.9,,0.661949687,,,,,
V280E,0.04,,,,,0.26,6.73,,1.51,0.97
Y281C,0,,,,,0.25,-4,,,
A283T,0.2,9,0,,,,,,,
A287V,1.03,-2.09,,1.52,1.23,2.53,-6.44,,0.91,1.31
E290K,0.58,9.2,,1.45,0.9,1.02,0.85,,1.39,1
F296S,0.12,-10,,,,,,,,
A300T,0.23,-14.3,1.9,,0.915525397,,,,,
A302V,0.05,,,,,,,,,
W305L,,,,,,,,,,
W305S,0,,,,,0.8,0,1.8,,0.872648336
G306R,,,,,,0.18,,,,
V307L,1.3,-18,-1.4,0.52,,1.11,-14.7,-7,0.7,
V310I,0,60,,,,0.61,,,,
T312I,,,,,,0.25,14,0,1,
I313E,0,,,,,0.15,2,1.1,1,1.313636364
I313G,0.8,0.6,2.9,,1.804545455,1.57,-1.4,3.2,0.28,2.95
I313K,0,,,,,0.15,6.9,0.1,1.02,1.763636364
I313V,0.9,3.9,0.3,,1.118181818,0.9,5.5,-0.1,1,1.486363636
G314S,,,,,,0.39,4.6,-0.5,,
Y315C,0,,,,,0.25,4,,,
Y315S,0,,,,,0.55,0,-2,,0.882778582
G316E,0.18,0,,,,,,,,
P320A,0,,,,,0.23,3.3,,,
P320H,0,,,,,0.18,5.2,,,
T322A,0,,,,,0.36,15,2,1,
T322M,0,,,,,0.2,12,-2,1,
G325R,0,,,,,0.38,-3,-3,1,
S338F,0.05,12,9,,,0.09,14,1.6,,
F339S,0.04,1,,,,0.15,8,0.2,,
A341E,,,,,,0.4,6,0,1,
A341V,0.06,60,,5.591883614,0.28742515,0.54,30,0,1.490811639,0.409181637
L342F,0,,,,,0.55,0,-1.6,,0.8552822
P343S,0,,,,,0.4,,,,
A344V,0.19,18.8,-6.7,,2.432034119,,,,,
G345E,,,,,,0.15,10,0,1,
S349W,,,,,,1.25,18,,1.4,1
Q357R,0.27,20,2,3,1,0.4,5,3,2,1
R360G,0.2,,,,,,,,,
R366P,0,24.1,-5.1,,,,,,,
R366Q,0.22,29,,1,,,,,,
R366W,0.3,39.2,-3.2,,,,,,,
A371T,0,21.9,2.1,,,,,,,
S373P,0.05,37.9,-3.8,,,,,,,
W379R,0,,,,,0.25,12,,,
R380S,0.33,0,,,,,,,,
C381W,0.73,6.22,,1.92,0.75,1.04,2.44,,1.28,0.93
D388N,1.03,2.26,,1.51,0.95,,,,,
T391I,0.85,0,,,,0.95,0,,,
W392R,0,28.3,0,,,,,,,
K393M,0.33,0,,,,,,,,
K393N,1,13.3,0,,,,,,,
R397Q,0.9,0,,,,,,,,
R397W,0.3,0,,,,,,,,
K398R,0.61,1.04,,1.81,0.97,0.99,-1.41,,0.78,1.02
V417M,1,0,0,1,,,,,1,
P441S,0.39,-0.41,,1.03,0.99,0.85,1.49,,1.38,0.98
T444M,0.7,3.51,,2.02,1.06,0.88,0.17,,0.88,0.98
P448R,1.2,0,0,,,1.1,0,0,,
P448L,0.49,3.74,,3.14,1.05,1.19,-1.44,,0.69,1.04
E449K,1.07,-1.63,,0.95,1.1,,,,,
R452L,0.65,4.9,,1.73,1.02,0.64,0.94,,2.23,0.98
H455Y,0.43,0,,0.6,,,,,,
S475N,0.82,-1.62,,0.95,0.93,,,,,
D488E,0.7,1.08,,1.28,1.07,0.81,2.05,,1.18,0.96
L491V,0.76,-0.58,,1.34,1.09,,,,,
T495P,0.77,2.52,,1.29,0.93,0.82,-0.09,,0.9,0.95
R518X,0.1,,,,,1.15,,,0.836734694,1.096491228
R519H,0.16,2.02,,1.71,0.98,0.51,1.26,,1.82,0.96
M520R,0,,,,,,,,,
Y522S,0.1,7,,,,0.6,0,,,0.6
A525T,0.36,22,4.6,1.34045584,1.07963595,1,2.7,-0.9,1,0.951080774
Q530X,0.1,,,,,1.1,,,0.850340136,2.535087719
Q531E,0.49,4.98,,1.3,0.9,0.83,2.14,,1.23,0.95
R533W,0.07,9.08,,,,0.44,3.69,,1.83,0.93
R539W,0.17,33.9,-2.2,1,0.40990991,0.55,22.5,0.3,1,0.681538462
S546L,0.25,50.7,3.4,1.304347826,0.814814815,,,,,
R555C,0.12,68,7.3,1.494505495,0.634074074,,,,,
R555H,0.35,49.8,12.4,1.406593407,0.681481481,,,,,
K557E,0,95.3,-1.3,1.555555556,0.287407407,,,,,
R562M,0.43,43.3,2.9,1.549450549,1.066666667,,,,,
I574V,0.94,0.53,,1.4,1.12,1.33,0.66,,1.1,1.05
T587M,,,,,,0.5,,,,
G589D,0.02,,,,,0.3,5,,1,1.1
A590T,0.45,10,0,,,1.32,0,0,,
R591H,,,,,,0.95,0,,1,1
R594C,,,,,,0.76,0,,1,1
R594Q,0.05,60,,,,0.7,0,,,
D611Y,1,0,,,,,,,,
L619M,0.01,,,,,0.82,0,,1,1.3
G626S,0.89,0.44,,0.99,1.07,1.15,3.73,,1.55,0.96
G635R,0.7,3.59,,1.72,1.01,0.75,0.4,,0.9,0.92
G643S,0.35,1.1,0,1,0.72,0.71,0,0,1,0.76
D649N,0.46,3.86,,2.04,1.07,1.2,0.27,,0.98,1.03